(27Al)(35Cl),[27Al][35Cl],InChI=1S/Al.ClH/h;1H/q+1;/p-1/i2*1+0,IZMHKHHRLNWLMK-MHGBRSHDSA-M,61.95039131,1.02871045E-25,10.1093/mnras/stac3757
(27Al)(37Cl),[27Al][37Cl],InChI=1S/Al.ClH/h;1H/q+1;/p-1/i1+0;1+2,IZMHKHHRLNWLMK-WMSMEIEASA-M,63.94744122,1.06187225E-25,10.1093/mnras/stac3757
(27Al)(19F),[27Al][19F],InChI=1S/Al.FH/h;1H/q+1;/p-1/i2*1+0,APURLPHDHPNUFL-MHGBRSHDSA-M,45.97994185,7.63514898E-26,10.5281/zenodo.5716926
(27Al)(1H),[27Al][1H],InChI=1S/Al.H/i2*1+0,SPRIOUNJHPCKPV-MHGBRSHDSA-N,27.98936366,4.64774319E-26,10.1093/mnras/stad3802
(27Al)(2H),[27Al][2H],InChI=1S/Al.H/i1+0;1+1,SPRIOUNJHPCKPV-LFSUVYIMSA-N,28.99564041,4.81483937E-26,10.1093/mnras/stad3802
(26Al)(16O),[26Al][16O],InChI=1S/Al.O/i1-1;1+0,AIRCTMFFNKZQPN-KDQCXWKNSA-N,41.98180631,6.97124296E-26,10.5281/zenodo.5716723
(27Al)(16O),[27Al][16O],InChI=1S/Al.O/i2*1+0,AIRCTMFFNKZQPN-MHGBRSHDSA-N,42.97645325,7.13640797E-26,10.5281/zenodo.5716725
(27Al)(17O),[27Al][17O],InChI=1S/Al.O/i1+0;1+1,AIRCTMFFNKZQPN-LFSUVYIMSA-N,43.98067033,7.30316214E-26,10.5281/zenodo.5716727
(27Al)(18O),[27Al][18O],InChI=1S/Al.O/i1+0;1+2,AIRCTMFFNKZQPN-WMSMEIEASA-N,44.98069963,7.46922091E-26,10.5281/zenodo.5716729
(75As)(1H)3,[75AsH3],InChI=1S/AsH3/h1H3/i1+0,RBFQJDQYXXHULB-IGMARMGPSA-N,77.9450716,1.29430837E-25,10.5281/zenodo.5716840
(9Be)(1H),[9Be][1H],InChI=1S/Be.H/i2*1+0,AYBCUKQQDUJLQN-MHGBRSHDSA-N,10.02000723,1.66386135E-26,10.5281/zenodo.5362917
(9Be)(2H),[9Be][2H],InChI=1S/Be.H/i1+0;1+1,AYBCUKQQDUJLQN-LFSUVYIMSA-N,11.02628398,1.83095753E-26,10.5281/zenodo.5362921
(9Be)(3H),[9Be][3H],InChI=1S/Be.H/i1+0;1+2,AYBCUKQQDUJLQN-WMSMEIEASA-N,12.02823148,1.99733483E-26,10.5281/zenodo.5362923
(12C)(13C),[12C]#[13C],"InChI=1S/C2/c1-2/i1+0,2+1",LBVWYGNGGJURHQ-DZEMCFCNSA-N,25.00335484,4.15190476E-26,10.5281/zenodo.5716928
(12C)2,[12C]#[12C],"InChI=1S/C2/c1-2/i1+0,2+0",LBVWYGNGGJURHQ-ZCWHFVSRSA-N,24,3.98529377E-26,10.5281/zenodo.5716930
(13C)2,[13C]#[13C],"InChI=1S/C2/c1-2/i1+1,2+1",LBVWYGNGGJURHQ-ZDOIIHCHSA-N,26.00670968,4.31851575E-26,10.5281/zenodo.5716932
(12C)2(1H)2,C#C,InChI=1S/C2H2/c1-2/h1-2H,HSFWRNGVRCDJHI-UHFFFAOYSA-N,26.01565006,4.32000033E-26,10.5281/zenodo.5716842
(12C)2(1H)4,C=C,InChI=1S/C2H4/c1-2/h1-2H2,VGGSQFUCUMXWEO-UHFFFAOYSA-N,28.03130013,4.65470690E-26,10.5281/zenodo.5716846
(12C)(12C)(13C),[12C]=[12C]=[13C],"InChI=1S/C3/c1-3-2/i1+0,2+1,3+0",NVLRFXKSQQPKAD-LRGBUXLWSA-N,37.00335484,6.14455164E-26,10.1093/mnras/stae2425
(12C)(13C)(12C),[12C]=[13C]=[12C],"InChI=1S/C3/c1-3-2/i1+0,2+0,3+1",NVLRFXKSQQPKAD-ZAIVOFEBSA-N,37.00335484,6.14455164E-26,10.1093/mnras/stae2425
(12C)3,[12C]=[12C]=[12C],"InChI=1S/C3/c1-3-2/i1+0,2+0,3+0",NVLRFXKSQQPKAD-SXRZRGFPSA-N,36,5.97794065E-26,10.1093/mnras/stae2425
(40Ca)(35Cl),[40Ca][35Cl],InChI=1S/Ca.ClH/h;1H/q+1;/p-1/i2*1+0,WGPMOVAPQPJDDK-MHGBRSHDSA-M,74.93144366,1.24426590E-25,10.3847/1538-4357/ad499e
(40Ca)(37Cl),[40Ca][37Cl],InChI=1S/Ca.ClH/h;1H/q+1;/p-1/i1+0;1+2,WGPMOVAPQPJDDK-WMSMEIEASA-M,76.92849357,1.27742769E-25,10.3847/1538-4357/ad499e
(40Ca)(19F),[40Ca][19F],InChI=1S/Ca.FH/h;1H/q+1;/p-1/i2*1+0,PMJVACMPRFHIPZ-MHGBRSHDSA-M,58.9609942,9.79070344E-26,10.5281/zenodo.5716960
(42Ca)(19F),[42Ca][19F],InChI=1S/Ca.FH/h;1H/q+1;/p-1/i1+2;1+0,PMJVACMPRFHIPZ-OJTQQMQBSA-M,60.95702123,1.01221515E-25,10.5281/zenodo.5716963
(43Ca)(19F),[43Ca][19F],InChI=1S/Ca.FH/h;1H/q+1;/p-1/i1+3;1+0,PMJVACMPRFHIPZ-NECLEZFQSA-M,61.95716982,1.02882301E-25,10.5281/zenodo.5716965
(44Ca)(19F),[44Ca][19F],InChI=1S/Ca.FH/h;1H/q+1;/p-1/i1+4;1+0,PMJVACMPRFHIPZ-LUHXRMDYSA-M,62.95388502,1.04537386E-25,10.5281/zenodo.5716967
(46Ca)(19F),[46Ca][19F],InChI=1S/Ca.FH/h;1H/q+1;/p-1/i1+6;1+0,PMJVACMPRFHIPZ-RVTVJBNJSA-M,64.95209582,1.07855493E-25,10.5281/zenodo.5716969
(48Ca)(19F),[48Ca][19F],InChI=1S/Ca.FH/h;1H/q+1;/p-1/i1+8;1+0,PMJVACMPRFHIPZ-GAASCSJYSA-M,66.95093722,1.11174647E-25,10.5281/zenodo.5716971
(40Ca)(1H),[40Ca][1H],InChI=1S/Ca.H/i2*1+0,PKHCKQOIOXDRJH-MHGBRSHDSA-N,40.97041601,6.80329765E-26,10.1093/mnras/stac371
(40Ca)(16O),[40Ca][16O],InChI=1S/Ca.O/i2*1+0,ODINCKMPIJJUCX-MHGBRSHDSA-N,55.9575056,9.29196242E-26,10.5281/zenodo.5716731
(40Ca)(16O)(1H),[40Ca][16O][1H],InChI=1S/Ca.H2O/h;1H2/q+1;/p-1/i2*1+0/hH,KIZFHUJKFSNWKO-RTTLHEKESA-M,56.96533063,9.45931571E-26,10.1093/mnras/stac2462
(12C)(1H),[12C][1H],InChI=1S/CH/h1H/i1+0H,VRLIPUYDFBXWCH-HXFQMGJMSA-N,13.00782503,2.16000017E-26,10.5281/zenodo.5716692
(13C)(1H),[13C][1H],InChI=1S/CH/h1H/i1+1H,VRLIPUYDFBXWCH-YPBGMLPISA-N,14.01117987,2.32661116E-26,10.5281/zenodo.5716694
(12C)(1H)3,[CH3],InChI=1S/CH3/h1H3,WCYWZMWISLQXQU-UHFFFAOYSA-N,15.0234751,2.49470673E-26,10.5281/zenodo.5716848
(12C)(1H)3(35Cl),C-Cl,InChI=1S/CH3Cl/c1-2/h1H3,NEHMKBQYUWJMIP-UHFFFAOYSA-N,49.99232778,8.30142134E-26,10.5281/zenodo.5716852
(12C)(1H)3(37Cl),C-[37Cl],InChI=1S/CH3Cl/c1-2/h1H3/i2+2,NEHMKBQYUWJMIP-HQMMCQRPSA-N,51.98937769,8.63303928E-26,10.5281/zenodo.5716856
(12C)(1H)3(19F),C-[19F],InChI=1S/CH3F/c1-2/h1H3/i2+0,NBVXSUQYWXRMNV-ULIRUUBJSA-N,34.02187832,5.64946581E-26,10.5281/zenodo.5716860
(12C)(1H)4,C,InChI=1S/CH4/h1H4,VNWKTOKETHGBQD-UHFFFAOYSA-N,16.03130013,2.66206002E-26,10.1093/mnras/stae148
(12C)(1H)+,[CH+],InChI=1S/CH/h1H/q+1,WVVLBIYUCXYYEU-UHFFFAOYSA-N,13.00727645,2.15990907E-26,10.1093/mnras/stad3909
(13C)(1H)+,[13CH+],InChI=1S/CH/h1H/q+1/i1+1,WVVLBIYUCXYYEU-OUBTZVSYSA-N,14.01063129,2.32652006E-26,10.1093/mnras/stad3909
cis-(31P)2(1H)2,[H]\[31P]=[31P]/[H],"InChI=1S/H2P2/c1-2/h1-2H/i1+0,2+0",SWJAOBXRZSMKNS-ZCWHFVSRSA-N,63.96317332,1.06213348E-25,10.5281/zenodo.5716888
(12C)(14N),[12C]#[14N],"InChI=1S/CN/c1-2/i1+0,2+0",JEVCWSUVFOYBFI-ZCWHFVSRSA-N,26.003074,4.31791203E-26,10.3847/1538-4365/ad8b40
(12C)(15N),[12C]#[15N],"InChI=1S/CN/c1-2/i1+0,2+1",JEVCWSUVFOYBFI-DZEMCFCNSA-N,27.0001089,4.48347357E-26,10.3847/1538-4365/ad8b40
(13C)(14N),[13C]#[14N],"InChI=1S/CN/c1-2/i1+1,2+0",JEVCWSUVFOYBFI-CRWWGTSDSA-N,27.00642884,4.48452302E-26,10.3847/1538-4365/ad8b40
(13C)(15N),[13C]#[15N],"InChI=1S/CN/c1-2/i1+1,2+1",JEVCWSUVFOYBFI-ZDOIIHCHSA-N,28.00346374,4.65008456E-26,10.3847/1538-4365/ad8b40
(12C)(16O),[12C-]#[16O+],"InChI=1S/CO/c1-2/i1+0,2+0",UGFAIRIUMAVXCW-ZCWHFVSRSA-N,27.99491462,4.64866495E-26,10.5281/zenodo.5716770
(12C)(17O),[12C-]#[17O+],"InChI=1S/CO/c1-2/i1+0,2+1",UGFAIRIUMAVXCW-DZEMCFCNSA-N,28.9991317,4.81541912E-26,10.5281/zenodo.5722864
(12C)(18O),[12C-]#[18O+],"InChI=1S/CO/c1-2/i1+0,2+2",UGFAIRIUMAVXCW-FNPQUGRCSA-N,29.999161,4.98147789E-26,10.5281/zenodo.5716774
(13C)(16O),[13C-]#[16O+],"InChI=1S/CO/c1-2/i1+1,2+0",UGFAIRIUMAVXCW-CRWWGTSDSA-N,28.99826946,4.81527594E-26,10.5281/zenodo.5716776
(13C)(17O),[13C-]#[17O+],"InChI=1S/CO/c1-2/i1+1,2+1",UGFAIRIUMAVXCW-ZDOIIHCHSA-N,30.00248654,4.98203011E-26,10.5281/zenodo.5716778
(13C)(18O),[13C-]#[18O+],"InChI=1S/CO/c1-2/i1+1,2+2",UGFAIRIUMAVXCW-RGIGPVFXSA-N,31.00251584,5.14808888E-26,10.5281/zenodo.5716780
(12C)(16O)2,O=C=O,InChI=1S/CO2/c2-1-3,CURLTUGMZLYLDI-UHFFFAOYSA-N,43.98982924,7.30468301E-26,10.5281/zenodo.5716786
(12C)(16O)+,[C]#[O+],InChI=1S/CO/c1-2/q+1,BOJPITGAFFYFJK-UHFFFAOYSA-N,27.99436604,4.64857385E-26,None
(12C)(16O)+,[C]#[O+],InChI=1S/CO/c1-2/q+1,BOJPITGAFFYFJK-UHFFFAOYSA-N,27.99436604,4.64857385E-26,None
(12C)(31P),[12C]#[31P],"InChI=1S/CP/c1-2/i1+0,2+0",GDPLAAHPHNAIGW-ZCWHFVSRSA-N,42.97376163,7.13596101E-26,10.5281/zenodo.5716942
(52Cr)(1H),[52Cr][1H],InChI=1S/Cr.H/i2*1+0,SEGIELJIHJYODU-MHGBRSHDSA-N,52.94833253,8.79227748E-26,10.5281/zenodo.5362927
(12C)(32S),[12C-]#[32S+],"InChI=1S/CS/c1-2/i1+0,2+0",DXHPZXWIPWDXHJ-ZCWHFVSRSA-N,43.972071,7.30173418E-26,10.5281/zenodo.5716944
(12C)(33S),[12C-]#[33S+],"InChI=1S/CS/c1-2/i1+0,2+1",DXHPZXWIPWDXHJ-DZEMCFCNSA-N,44.97145876,7.46768643E-26,10.5281/zenodo.5716946
(12C)(34S),[12C-]#[34S-],"InChI=1S/CS/c1-2/q-2/i1+0,2+2",YMMCOVNCWDLXSA-FNPQUGRCSA-N,45.96896406,7.63332608E-26,10.5281/zenodo.5716948
(12C)(36S),[12C-]#[36S+],"InChI=1S/CS/c1-2/i1+0,2+4",DXHPZXWIPWDXHJ-NYQHGNFPSA-N,47.96708076,7.96512116E-26,10.5281/zenodo.5716950
(13C)(32S),[13C-]#[32S+],"InChI=1S/CS/c1-2/i1+1,2+0",DXHPZXWIPWDXHJ-CRWWGTSDSA-N,44.97542584,7.46834517E-26,10.5281/zenodo.5716952
(13C)(33S),[13C-]#[33S+],"InChI=1S/CS/c1-2/i1+1,2+1",DXHPZXWIPWDXHJ-ZDOIIHCHSA-N,45.9748136,7.63429742E-26,10.5281/zenodo.5716954
(13C)(34S),[13C-]#[34S+],"InChI=1S/CS/c1-2/i1+1,2+2",DXHPZXWIPWDXHJ-RGIGPVFXSA-N,46.97122174,7.79975488E-26,10.5281/zenodo.5716956
(13C)(36S),[13C-]#[36S+],"InChI=1S/CS/c1-2/i1+1,2+4",DXHPZXWIPWDXHJ-JOTDZXCOSA-N,48.9704356,8.13173215E-26,10.5281/zenodo.5716958
(56Fe)(1H),[56Fe][1H],InChI=1S/Fe.H/i2*1+0,VWDRTGQNZKYVEZ-MHGBRSHDSA-N,56.94276253,9.45556819E-26,10.5281/zenodo.5362929
(1H)(2H),[1H][2H],InChI=1S/H2/h1H/i1+1H,UFHFLCQGNIYNRP-YPBGMLPISA-N,3.02192681,5.01802753E-27,10.3847/1538-4357/ab1f65
(1H)2,[HH],InChI=1S/H2/h1H,UFHFLCQGNIYNRP-UHFFFAOYSA-N,2.015650064,3.34706568E-27,10.1139/p94-112
(1H)2,[HH],InChI=1S/H2/h1H,UFHFLCQGNIYNRP-UHFFFAOYSA-N,2.015650064,3.34706568E-27,10.1051/0004-6361/201936249
(1H)2(12C)(16O),C=O,InChI=1S/CH2O/c1-2/h1H2,WSFSSNUMVMOOMR-UHFFFAOYSA-N,30.01056468,4.98337151E-26,10.5281/zenodo.5716868
(1H)2(12C)(32S),C=S,InChI=1S/CH2S/c1-2/h1H2,DBTDEFJAFBUGPP-UHFFFAOYSA-N,45.98772106,7.63644075E-26,10.1093/mnras/stad111
(1H)(2H)(16O),O[2H],InChI=1S/H2O/h1H2/i/hD,XLYOFNOQVPJJNP-DYCDLGHISA-N,19.01684143,3.15782082E-26,10.5281/zenodo.5716812
(1H)2(15O),[15OH2],InChI=1S/H2O/h1H2/i1-1,XLYOFNOQVPJJNP-BJUDXGSMSA-N,17.01871566,2.82602423E-26,10.1016/j.saa.2024.124007
(1H)2(16O),O,InChI=1S/H2O/h1H2,XLYOFNOQVPJJNP-UHFFFAOYSA-N,18.01056468,2.99072463E-26,10.1093/mnras/sty1877
(1H)2(17O),[17OH2],InChI=1S/H2O/h1H2/i1+1,XLYOFNOQVPJJNP-OUBTZVSYSA-N,19.01478176,3.15747880E-26,10.5281/zenodo.5716820
(1H)2(18O),[18OH2],InChI=1S/H2O/h1H2/i1+2,XLYOFNOQVPJJNP-NJFSPNSNSA-N,20.01481106,3.32353757E-26,10.5281/zenodo.5716822
(1H)2(16O)2,O-O,InChI=1S/H2O2/c1-2/h1-2H,MHAJPDPJQMAIIY-UHFFFAOYSA-N,34.0054793,5.64674269E-26,10.5281/zenodo.5716870
(1H)2(32S),S,InChI=1S/H2S/h1H2,RWSOTUBLDIXVET-UHFFFAOYSA-N,33.98772106,5.64379387E-26,10.5281/zenodo.5716826
(1H)(2H)+,,InChI=1S/H2/h1H/i1+1/q+1,UFHFLCQGNIYNRP-FPPRTSDESA-N,3.02137823,5.01711659E-27,10.3847/1538-4357/ab1f65
(1H)3(16O)+,[OH3+],InChI=1S/H2O/h1H2/p+1,XLYOFNOQVPJJNP-UHFFFAOYSA-O,19.01784114,3.15798682E-26,10.1093/mnras/staa2034
(1H)2(2H)+,,InChI=1S/H3/c1-2-3-1/i1+1/q+1,FVJJEQURJXHDEY-FPPRTSDESA-N,4.029203263,6.69064943E-27,10.1093/mnras/stx502
(1H)3+,,InChI=1S/H3/c1-2-3-1/q+1,RQZCXKHVAUFVMF-UHFFFAOYSA-N,3.022926516,5.01968758E-27,10.1093/mnras/stx502
(2H)2(1H)+,,"InChI=1S/H3/c1-2-3-1/i1+1,2+1/q+1",FVJJEQURJXHDEY-BQFQGQKJSA-N,5.035480009,8.36161129E-27,10.1093/mnras/stx502
(2H)3+,,"InChI=1S/H3/c1-2-3-1/i1+1,2+1,3+1/q+1",FVJJEQURJXHDEY-PDOFMICISA-N,6.041756754,1.00325731E-26,10.1093/mnras/stx502
(1H)(10B)(16O),[1H][10B][16O],"InChI=1S/BHO/c1-2/h1H/i1-1H,2+0",UXUFOKFTFHRQTE-DGVCANLMSA-N,27.01567665,4.48605866E-26,10.1039/D3CP05997A
(1H)(11B)(16O),[1H][11B][16O],"InChI=1S/BHO/c1-2/h1H/i1+0H,2+0",UXUFOKFTFHRQTE-VWHNNAKVSA-N,28.01204505,4.65150952E-26,10.1039/D3CP05997A
(1H)(79Br),[1H][79Br],InChI=1S/BrH/h1H/i1-1/hH,CPELXLSAUQHCOX-OXEALATOSA-N,79.92616213,1.32720515E-25,10.1016/j.jqsrt.2013.07.002
(1H)(35Cl),[1H][35Cl],InChI=1S/ClH/h1H/i1+0/hH,VEXZGXHMUGYJMC-LEAUUUNSSA-N,35.97667771,5.97406789E-26,0.1016/j.jqsrt.2017.06.038
(1H)(37Cl),[1H][37Cl],InChI=1S/ClH/h1H/i1+2/hH,VEXZGXHMUGYJMC-OXEDXLFZSA-N,37.97372762,6.30568583E-26,0.1016/j.jqsrt.2017.06.038
(2H)(35Cl),[2H][35Cl],InChI=1S/ClH/h1H/i1+0/hD,VEXZGXHMUGYJMC-MCXKOXQDSA-N,36.98295446,6.14116408E-26,0.1016/j.jqsrt.2017.06.038
(2H)(37Cl),[2H][37Cl],InChI=1S/ClH/h1H/i1+2/hD,VEXZGXHMUGYJMC-DQGQKLTASA-N,38.98000437,6.47278202E-26,0.1016/j.jqsrt.2017.06.038
(1H)(12C)(14N),C#N,InChI=1S/CHN/c1-2/h1H,LELOWRISYMNNSU-UHFFFAOYSA-N,27.01089903,4.48526531E-26,10.5281/zenodo.5716828
(3He)(1H)+,,InChI=1S/HHe/h1H/q+1/i1-1,HSFAAVLNFOAYQX-BJUDXGSMSA-N,4.023305774,6.68085642E-27,10.3847/1538-4357/ab1f65
(3He)(2H)+,,InChI=1S/HHe/h1H/q+1/i1-1D,HSFAAVLNFOAYQX-QIAWKQIGSA-N,5.02958252,8.35181827E-27,10.3847/1538-4357/ab1f65
(4He)(1H)+,,InChI=1S/HHe/h1H/q+1,HSFAAVLNFOAYQX-UHFFFAOYSA-N,5.009879452,8.31910056E-27,10.3847/1538-4357/ab1f65
(4He)(2H)+,,InChI=1S/HHe/h1H/q+1/i1D,HSFAAVLNFOAYQX-MICDWDOJSA-N,6.016156198,9.99006241E-27,10.3847/1538-4357/ab1f65
(1H)(19F),[1H][19F],InChI=1S/FH/h1H/i1+0/hH,KRHYYFGTRYWZRS-LEAUUUNSSA-N,20.00622825,3.32211236E-26,10.5281/zenodo.5716696
(1H)(14N)(16O)3,[N+](=O)(O)[O-],"InChI=1S/HNO3/c2-1(3)4/h(H,2,3,4)",GRYLNZFGIOXLOG-UHFFFAOYSA-N,62.99564289,1.04606726E-25,10.5281/zenodo.5716872
(39K)(35Cl),[39K][35Cl],InChI=1S/ClH.K/h1H;/q;+1/p-1/i2*1+0,WCUXLLCKKVVCTQ-MHGBRSHDSA-M,73.93255936,1.22767903E-25,10.5281/zenodo.5716977
(39K)(37Cl),[39K][37Cl],InChI=1S/ClH.K/h1H;/q;+1/p-1/i1+2;1+0,WCUXLLCKKVVCTQ-OJTQQMQBSA-M,75.92960927,1.26084083E-25,10.5281/zenodo.5716979
(41K)(35Cl),[41K][35Cl],InChI=1S/ClH.K/h1H;/q;+1/p-1/i1+0;1+2,WCUXLLCKKVVCTQ-WMSMEIEASA-M,75.93067844,1.26085858E-25,10.5281/zenodo.5716981
(41K)(37Cl),[41K][37Cl],InChI=1S/ClH.K/h1H;/q;+1/p-1/i2*1+2,WCUXLLCKKVVCTQ-YAZWTTIFSA-M,77.92772835,1.29402037E-25,10.5281/zenodo.5716983
(39K)(19F),[39K][19F],InChI=1S/FH.K/h1H;/q;+1/p-1/i2*1+0,NROKBHXJSPEDAR-MHGBRSHDSA-M,57.9621099,9.62483480E-26,10.5281/zenodo.5716985
(41K)(19F),[41K][19F],InChI=1S/FH.K/h1H;/q;+1/p-1/i1+0;1+2,NROKBHXJSPEDAR-WMSMEIEASA-M,59.96022898,9.95663028E-26,10.5281/zenodo.5716988
(39K)(16O)(1H),[39K][O][H],InChI=1S/K.H2O/h;1H2/q+1;/p-1/i1+0;,KWYUFKZDYYNOTN-XUGDXVOUSA-M,55.96644633,9.29344707E-26,10.5281/zenodo.5716830
(139La)(16O),[139La][16O],InChI=1S/La.O/i2*1+0,PLXQGEWNITUHNB-MHGBRSHDSA-N,154.9012679,2.57219607E-25,10.3847/1538-4357/ace68a
(6Li)(35Cl),[6Li][35Cl],InChI=1S/ClH.Li/h1H;/q;+1/p-1/i1+0;1-1,KWGKDLIKAYFUFQ-QCIKTKHTSA-M,40.98397547,6.80554925E-26,10.5281/zenodo.5716990
(6Li)(37Cl),[6Li][37Cl],InChI=1S/ClH.Li/h1H;/q;+1/p-1/i1+2;1-1,KWGKDLIKAYFUFQ-SXENEMDASA-M,42.98102538,7.13716719E-26,10.5281/zenodo.5716992
(7Li)(35Cl),[7Li][35Cl],InChI=1S/ClH.Li/h1H;/q;+1/p-1/i2*1+0,KWGKDLIKAYFUFQ-MHGBRSHDSA-M,41.98485723,6.97174957E-26,10.5281/zenodo.5716994
(7Li)(37Cl),[7Li][37Cl],InChI=1S/ClH.Li/h1H;/q;+1/p-1/i1+2;1+0,KWGKDLIKAYFUFQ-OJTQQMQBSA-M,43.98190714,7.30336751E-26,10.5281/zenodo.5716997
(6Li)(19F),[6Li][19F],InChI=1S/FH.Li/h1H;/q;+1/p-1/i1+0;1-1,PQXKHYXIUOZZFA-QCIKTKHTSA-M,25.01352602,4.15359372E-26,10.5281/zenodo.5716999
(7Li)(19F),[7Li][19F],InChI=1S/FH.Li/h1H;/q;+1/p-1/i2*1+0,PQXKHYXIUOZZFA-MHGBRSHDSA-M,26.01440777,4.31979405E-26,10.5281/zenodo.5717001
(7Li)(1H),[7Li][1H],InChI=1S/Li.H/i2*1+0,SIAPCJWMELPYOE-MHGBRSHDSA-N,8.023829582,1.33238825E-26,10.5281/zenodo.5362931
(7Li)(1H)+,[7LiH+],InChI=1S/Li.H/q+1;/i1+0;,HSOYNNFNUCWPIZ-XUGDXVOUSA-N,8.023281002,1.33229716E-26,10.1111/j.1365-2966.2011.18723.x
(6Li)(16O)(1H),[6Li][16O][1H],InChI=1S/Li.H2O/h;1H2/q+1;/p-1/i1-1;1+0/hH,WMFOQBRAJBCJND-JMWGVYLYSA-M,23.01786245,3.82220599E-26,10.1093/mnras/stad3226
(7Li)(16O)(1H),[7Li][16O][1H],InChI=1S/Li.H2O/h;1H2/q+1;/p-1/i2*1+0/hH,WMFOQBRAJBCJND-RTTLHEKESA-M,24.0187442,3.98840631E-26,10.1093/mnras/stad3226
(24Mg)(19F),[24Mg][19F],InChI=1S/FH.Mg/h1H;/q;+1/p-1/i2*1+0,WSXHQDSJUJYQDO-MHGBRSHDSA-M,42.98344492,7.13756896E-26,10.5281/zenodo.5717003
(25Mg)(19F),[25Mg][19F],InChI=1S/FH.Mg/h1H;/q;+1/p-1/i1+0;1+1,WSXHQDSJUJYQDO-LFSUVYIMSA-M,43.98424014,7.30375492E-26,10.5281/zenodo.5717005
(26Mg)(19F),[26Mg][19F],InChI=1S/FH.Mg/h1H;/q;+1/p-1/i1+0;1+2,WSXHQDSJUJYQDO-WMSMEIEASA-M,44.98099615,7.46927015E-26,10.5281/zenodo.5717007
(24Mg)(1H),[24Mg][1H],InChI=1S/Mg.H/i2*1+0,RZCHRULKKYOSQS-MHGBRSHDSA-N,24.99286673,4.15016317E-26,10.1093/mnras/stac371
(25Mg)(1H),[25Mg][1H],InChI=1S/Mg.H/i1+1;1+0,RZCHRULKKYOSQS-DDBDWIKTSA-N,25.99366195,4.31634912E-26,10.1093/mnras/stac371
(26Mg)(1H),[26Mg][1H],InChI=1S/Mg.H/i1+2;1+0,RZCHRULKKYOSQS-OJTQQMQBSA-N,26.99041796,4.48186435E-26,10.1093/mnras/stac371
(24Mg)(16O),[24Mg][16O],InChI=1S/Mg.O/i2*1+0,CPLXHLVBOLITMK-MHGBRSHDSA-N,39.97995632,6.63882794E-26,10.5281/zenodo.5716733
(24Mg)(17O),[24Mg][17O],InChI=1S/Mg.O/i1+0;1+1,CPLXHLVBOLITMK-LFSUVYIMSA-N,40.9841734,6.80558211E-26,10.5281/zenodo.5716735
(24Mg)(18O),[24Mg][18O],InChI=1S/Mg.O/i1+0;1+2,CPLXHLVBOLITMK-WMSMEIEASA-N,41.9842027,6.97164089E-26,10.5281/zenodo.5716737
(25Mg)(16O),[25Mg][16O],InChI=1S/Mg.O/i1+1;1+0,CPLXHLVBOLITMK-DDBDWIKTSA-N,40.98075154,6.80501390E-26,10.5281/zenodo.5716740
(26Mg)(16O),[26Mg][16O],InChI=1S/Mg.O/i1+2;1+0,CPLXHLVBOLITMK-OJTQQMQBSA-N,41.97750755,6.97052913E-26,10.5281/zenodo.5716742
(14N)2,N#N,InChI=1S/N2/c1-2,IJGRMHOSHXDMSA-UHFFFAOYSA-N,28.006148,4.65053029E-26,10.5281/zenodo.5717009
(14N)(15N)(16O),[14N-]=[15N+]=O,"InChI=1S/N2O/c1-2-3/i1+0,2+1",GQPLMRYTRLFLPF-DZEMCFCNSA-N,44.99809752,7.47210990E-26,None
(14N)2(16O),[N-]=[N+]=O,InChI=1S/N2O/c1-2-3,GQPLMRYTRLFLPF-UHFFFAOYSA-N,44.00106262,7.30654836E-26,10.1093/mnras/stae2201
(14N)2(17O),[N-]=[N+]=[17O],InChI=1S/N2O/c1-2-3/i3+1,GQPLMRYTRLFLPF-LBPDFUHNSA-N,45.0052797,7.47330252E-26,None
(14N)2(18O),[N-]=[N+]=[18O],InChI=1S/N2O/c1-2-3/i3+2,GQPLMRYTRLFLPF-YZRHJBSPSA-N,46.005309,7.63936130E-26,None
(15N)(14N)(16O),[15N-]=[14N+]=O,"InChI=1S/N2O/c1-2-3/i1+1,2+0",GQPLMRYTRLFLPF-CRWWGTSDSA-N,44.99809752,7.47210990E-26,None
(23Na)(35Cl),[23Na][35Cl],InChI=1S/ClH.Na/h1H;/q;+1/p-1/i2*1+0,FAPWRFPIFSIZLT-MHGBRSHDSA-M,57.95862196,9.62425561E-26,10.5281/zenodo.5717023
(23Na)(37Cl),[23Na][37Cl],InChI=1S/ClH.Na/h1H;/q;+1/p-1/i1+2;1+0,FAPWRFPIFSIZLT-OJTQQMQBSA-M,59.95567187,9.95587355E-26,10.5281/zenodo.5717025
(23Na)(19F),[23Na][19F],InChI=1S/FH.Na/h1H;/q;+1/p-1/i2*1+0,PUZPDOWCWNUUKD-MHGBRSHDSA-M,41.9881725,6.97230009E-26,10.5281/zenodo.5717027
(23Na)(1H),[23Na][1H],InChI=1S/Na.H/i2*1+0,MPMYQQHEHYDOCL-MHGBRSHDSA-N,23.99759431,3.98489429E-26,10.5281/zenodo.5363263
(23Na)(2H),[23Na][2H],InChI=1S/Na.H/i1+0;1+1,MPMYQQHEHYDOCL-LFSUVYIMSA-N,25.00387106,4.15199048E-26,10.5281/zenodo.5363271
(23Na)(16O),[23Na][16O],InChI=1S/Na.O/i2*1+0,IVAOQJNBYYIDSI-MHGBRSHDSA-N,38.9846839,6.47355907E-26,10.5281/zenodo.5910816
(23Na)(16O)(1H),[23Na][16O][1H],InChI=1S/Na.H2O/h;1H2/q+1;/p-1/i2*1+0/hH,HEMHJVSKTPXQMS-RTTLHEKESA-M,39.99250893,6.64091235E-26,10.5281/zenodo.5716832
(14N)(1H),[14N][1H],InChI=1S/HN/h1H/i1+0H,PDCKRJPYJMCOFO-HXFQMGJMSA-N,15.01089903,2.49261843E-26,10.1093/mnras/stae1340
(14N)(2H),[14N][2H],InChI=1S/HN/h1H/i1+0D,PDCKRJPYJMCOFO-TVNFCSRNSA-N,16.01717578,2.65971462E-26,10.1093/mnras/stae1340
(15N)(1H),[15N][1H],InChI=1S/HN/h1H/i1+1H,PDCKRJPYJMCOFO-YPBGMLPISA-N,16.00793393,2.65817997E-26,10.1093/mnras/stae1340
(15N)(2H),[15N][2H],InChI=1S/HN/h1H/i1+1D,PDCKRJPYJMCOFO-VVKOMZTBSA-N,17.01421068,2.82527616E-26,10.1093/mnras/stae1340
(14N)(1H)3,N,InChI=1S/H3N/h1H3,QGZKDVFQNNGYKY-UHFFFAOYSA-N,17.0265491,2.82732500E-26,10.5281/zenodo.5716876
(15N)(1H)3,[15NH3],InChI=1S/H3N/h1H3/i1+1,QGZKDVFQNNGYKY-OUBTZVSYSA-N,18.023584,2.99288654E-26,10.1093/mnras/stae1849
(58Ni)(1H),[58Ni][1H],InChI=1S/Ni.H/i1-1;1+0,CVKWMACQVBBEIJ-KDQCXWKNSA-N,58.94316793,9.78774332E-26,10.1093/mnras/stae2710
(58Ni)(2H),[58Ni][2H],InChI=1S/Ni.H/i1-1;1+1,CVKWMACQVBBEIJ-BBGAZUBOSA-N,59.94944468,9.95483950E-26,10.1093/mnras/stae2710
(60Ni)(1H),[60Ni][1H],InChI=1S/Ni.H/i1+1;1+0,CVKWMACQVBBEIJ-DDBDWIKTSA-N,60.93861143,1.01190945E-25,10.1093/mnras/stae2710
(62Ni)(1H),[62Ni][1H],InChI=1S/Ni.H/i1+3;1+0,CVKWMACQVBBEIJ-NECLEZFQSA-N,62.93617013,1.04507969E-25,10.1093/mnras/stae2710
(14N)(16O),[14N][16O],"InChI=1S/NO/c1-2/i1+0,2+0",MWUXSHHQAYIFBG-ZCWHFVSRSA-N,29.99798862,4.98128321E-26,10.5281/zenodo.5716782
(14N)(32S),[14N][32S],"InChI=1S/NS/c1-2/i1+0,2+0",QXTCFDCJXWLNAP-ZCWHFVSRSA-N,45.975145,7.63435245E-26,10.5281/zenodo.5717011
(14N)(33S),[14N][33S],"InChI=1S/NS/c1-2/i1+0,2+1",QXTCFDCJXWLNAP-DZEMCFCNSA-N,46.97453276,7.80030469E-26,10.5281/zenodo.5717015
(14N)(34S),[14N][34S],"InChI=1S/NS/c1-2/i1+0,2+2",QXTCFDCJXWLNAP-FNPQUGRCSA-N,47.9709409,7.96576215E-26,10.5281/zenodo.5717017
(14N)(36S),[14N][36S],"InChI=1S/NS/c1-2/i1+0,2+4",QXTCFDCJXWLNAP-NYQHGNFPSA-N,49.97015476,8.29773943E-26,10.5281/zenodo.5717019
(15N)(32S),[15N][32S],"InChI=1S/NS/c1-2/i1+1,2+0",QXTCFDCJXWLNAP-CRWWGTSDSA-N,46.9721799,7.79991399E-26,10.5281/zenodo.5717021
(16O)(12C)(32S),[16O][12C][32S],"InChI=1S/COS/c2-1-3/i1+0,2+0,3+0",JJWKPURADFRFRB-SXRZRGFPSA-N,59.96698562,9.95775225E-26,10.1093/mnras/stae1110
(16O)(1H),[OH],InChI=1S/HO/h1H,TUJKJAMUKRIRHC-UHFFFAOYSA-N,17.00273965,2.82337135E-26,10.1093/mnras/stae2803
(16O)(1H)+,[OH+],InChI=1S/HO/h1H/q+1,MSCUNRCIQGLERU-UHFFFAOYSA-N,17.00219107,2.82328025E-26,10.3847/1538-4357/aa6bf5
(31P)(19F)3,FP(F)F,InChI=1S/F3P/c1-4(2)3,WKFBZNUBXWCCHG-UHFFFAOYSA-N,87.96897129,1.46075914E-25,10.5281/zenodo.5716880
(31P)(1H),[31P][1H],InChI=1S/HP/h1H/i1+0H,BHEPBYXIRTUNPN-HXFQMGJMSA-N,31.98158666,5.31066741E-26,10.5281/zenodo.5716703
(31P)(1H)3,P,InChI=1S/H3P/h1H3,XYFCBTPGUUZFHI-UHFFFAOYSA-N,33.99723673,5.64537398E-26,10.5281/zenodo.5716882
(31P)(14N),[31P][14N],"InChI=1S/NP/c1-2/i1+0,2+0",AOPJVJYWEDDOBI-ZCWHFVSRSA-N,44.97683563,7.46857928E-26,10.1093/mnras/stae2610
(31P)(15N),[31P][15N],"InChI=1S/NP/c1-2/i1+1,2+0",AOPJVJYWEDDOBI-CRWWGTSDSA-N,45.97387053,7.63414082E-26,10.1093/mnras/stae2610
(31P)(16O),[31P][16O],"InChI=1S/OP/c1-2/i1+0,2+0",LFGREXWGYUGZLY-ZCWHFVSRSA-N,46.96867625,7.79933219E-26,10.5281/zenodo.5716784
(31P)(32S),[31P][32S],"InChI=1S/PS/c1-2/i1+0,2+0",VKCLPVFDVVKEKU-ZCWHFVSRSA-N,62.94583263,1.04524014E-25,10.5281/zenodo.5717035
(45Sc)(1H),[45Sc][1H],InChI=1S/Sc.H/i2*1+0,ZTOCXCPDHKWLBM-MHGBRSHDSA-N,45.96373693,7.63245809E-26,10.5281/zenodo.5363276
(45Sc)(16O),[45Sc][16O],InChI=1S/O.Sc/i2*1+0,AXJFPMGRQPKZLD-MHGBRSHDSA-N,60.95082652,1.01211229E-25,10.3847/1538-4357/ad7af1
(32S)(1H),[32S][1H],InChI=1S/HS/h1H/i1+0H,PXQLVRUNWNTZOS-HXFQMGJMSA-N,32.97989603,5.47644059E-26,10.5281/zenodo.5716705
(32S)(2H),[32S][2H],InChI=1S/HS/h1H/i1+0D,PXQLVRUNWNTZOS-TVNFCSRNSA-N,33.98617278,5.64353677E-26,10.5281/zenodo.5716707
(33S)(1H),[33S][1H],InChI=1S/HS/h1H/i1+1H,PXQLVRUNWNTZOS-YPBGMLPISA-N,33.97928379,5.64239283E-26,10.5281/zenodo.5716709
(34S)(1H),[34S][1H],InChI=1S/HS/h1H/i1+2H,PXQLVRUNWNTZOS-SXTHRFHVSA-N,34.97569193,5.80785029E-26,10.5281/zenodo.5716711
(36S)(1H),[36S][1H],InChI=1S/HS/h1H/i1+4H,PXQLVRUNWNTZOS-QLHGJRNSSA-N,36.97490579,6.13982756E-26,10.5281/zenodo.5716713
(28Si)(1H),[28Si][1H],InChI=1S/HSi/h1H/i1+0H,QHGSGZLLHBKSAH-HXFQMGJMSA-N,28.98475156,4.81303124E-26,10.5281/zenodo.5716715
(28Si)(2H),[28Si][2H],InChI=1S/HSi/h1H/i1+0D,QHGSGZLLHBKSAH-TVNFCSRNSA-N,29.99102831,4.98012742E-26,10.5281/zenodo.5716717
(29Si)(1H),[29Si][1H],InChI=1S/HSi/h1H/i1+1H,QHGSGZLLHBKSAH-YPBGMLPISA-N,29.98431973,4.97901344E-26,10.5281/zenodo.5716719
(30Si)(1H),[30Si][1H],InChI=1S/HSi/h1H/i1+2H,QHGSGZLLHBKSAH-SXTHRFHVSA-N,30.9815952,5.14461493E-26,10.5281/zenodo.5716721
(28Si)(1H)2,[SiH2],InChI=1S/H2Si/h1H2,XMIJDTGORVPYLW-UHFFFAOYSA-N,29.99257659,4.98038452E-26,10.5281/zenodo.5716836
(28Si)(1H)4,[SiH4],InChI=1S/H4Si/h1H4,BLRPTPMANUNPDV-UHFFFAOYSA-N,32.00822666,5.31509109E-26,10.5281/zenodo.5716886
(28Si)(14N),[28Si][14N],"InChI=1S/NSi/c1-2/i1+0,2+0",NCLWWTWAYQTPBU-ZCWHFVSRSA-N,41.98000053,6.97094310E-26,10.1093/mnras/stac2004
(28Si)(15N),[28Si][15N],"InChI=1S/NSi/c1-2/i1+1,2+0",NCLWWTWAYQTPBU-CRWWGTSDSA-N,42.97703543,7.13650464E-26,10.1093/mnras/stac2004
(29Si)(14N),[29Si][14N],"InChI=1S/NSi/c1-2/i1+0,2+1",NCLWWTWAYQTPBU-DZEMCFCNSA-N,42.9795687,7.13692530E-26,10.1093/mnras/stac2004
(30Si)(14N),[30Si][14N],"InChI=1S/NSi/c1-2/i1+0,2+2",NCLWWTWAYQTPBU-FNPQUGRCSA-N,43.97684417,7.30252679E-26,10.1093/mnras/stac2004
(28Si)(16O),[28Si][16O],"InChI=1S/OSi/c1-2/i1+0,2+0",LIVNPJMFVYWSIS-ZCWHFVSRSA-N,43.97184115,7.30169602E-26,10.5281/zenodo.5910818
(28Si)(16O)2,O=[Si]=O,InChI=1S/O2Si/c1-3-2,VYPSYNLAJGMNEJ-UHFFFAOYSA-N,59.96675577,9.95771408E-26,10.5281/zenodo.5716838
(28Si)(32S),[28Si][32S],"InChI=1S/SSi/c1-2/i1+0,2+0",DWFFKGPZNGKUPH-ZCWHFVSRSA-N,59.94899753,9.95476525E-26,10.5281/zenodo.5717037
(28Si)(33S),[28Si][33S],"InChI=1S/SSi/c1-2/i1+1,2+0",DWFFKGPZNGKUPH-CRWWGTSDSA-N,60.94838529,1.01207175E-25,10.5281/zenodo.5717039
(28Si)(34S),[28Si][34S],"InChI=1S/SSi/c1-2/i1+2,2+0",DWFFKGPZNGKUPH-ZBZKKBKISA-N,61.94479343,1.02861750E-25,10.5281/zenodo.5717041
(28Si)(36S),[28Si][36S],"InChI=1S/SSi/c1-2/i1+4,2+0",DWFFKGPZNGKUPH-JVUDXDNGSA-N,63.94400729,1.06181522E-25,10.5281/zenodo.5717043
(29Si)(32S),[29Si][32S],"InChI=1S/SSi/c1-2/i1+0,2+1",DWFFKGPZNGKUPH-DZEMCFCNSA-N,60.9485657,1.01207475E-25,10.5281/zenodo.5717045
(29Si)(33S),[29Si][33S],"InChI=1S/SSi/c1-2/i1+1,2+1",DWFFKGPZNGKUPH-ZDOIIHCHSA-N,61.94795346,1.02866997E-25,10.5281/zenodo.5717047
(29Si)(34S),[29Si][34S],"InChI=1S/SSi/c1-2/i1+2,2+1",DWFFKGPZNGKUPH-WWQQEUHZSA-N,62.9443616,1.04521572E-25,10.5281/zenodo.5717049
(29Si)(36S),[29Si][36S],"InChI=1S/SSi/c1-2/i1+4,2+1",DWFFKGPZNGKUPH-DYHRWIPISA-N,64.94357546,1.07841344E-25,10.5281/zenodo.5717051
(30Si)(32S),[30Si][32S],"InChI=1S/SSi/c1-2/i1+0,2+2",DWFFKGPZNGKUPH-FNPQUGRCSA-N,61.94584117,1.02863489E-25,10.5281/zenodo.5717053
(30Si)(33S),[30Si][33S],"InChI=1S/SSi/c1-2/i1+1,2+2",DWFFKGPZNGKUPH-RGIGPVFXSA-N,62.94522893,1.04523012E-25,10.5281/zenodo.5717055
(30Si)(34S),[30Si][34S],"InChI=1S/SSi/c1-2/i1+2,2+2",DWFFKGPZNGKUPH-XPULMUKRSA-N,63.94163707,1.06177586E-25,10.5281/zenodo.5717057
(30Si)(36S),[30Si][36S],"InChI=1S/SSi/c1-2/i1+4,2+2",DWFFKGPZNGKUPH-OIYXHDJBSA-N,65.94085093,1.09497359E-25,10.5281/zenodo.5717059
(32S)(16O),[32S][16O],"InChI=1S/OS/c1-2/i1+0,2+0",XTQHKBHJIVJGKJ-ZCWHFVSRSA-N,47.96698562,7.96510536E-26,10.1093/mnras/stad3508
(32S)(16O)2,O=[S]=O,InChI=1S/O2S/c1-3-2,RAHZWNYVWXNFOC-UHFFFAOYSA-N,63.96190024,1.06211234E-25,10.5281/zenodo.5716834
(32S)(16O)3,O=[S](=O)=O,InChI=1S/O3S/c1-4(2)3,AKEJUJNQAAGONA-UHFFFAOYSA-N,79.95681486,1.32771415E-25,10.5281/zenodo.5716884
(48Ti)(1H),[48Ti][1H],InChI=1S/Ti.H/i2*1+0,FUMHXHODRLFENL-MHGBRSHDSA-N,48.95577133,8.12929709E-26,10.5281/zenodo.5363278
(46Ti)(16O),[46Ti][16O],InChI=1S/O.Ti/i1+0;1-2,OGIDPMRJRNCKJF-GYDVGQHGSA-N,61.94754622,1.02866321E-25,10.5281/zenodo.5716754
(47Ti)(16O),[47Ti][16O],InChI=1S/O.Ti/i1+0;1-1,OGIDPMRJRNCKJF-QCIKTKHTSA-N,62.94667772,1.04525418E-25,10.5281/zenodo.5716756
(48Ti)(16O),[48Ti][16O],InChI=1S/O.Ti/i2*1+0,OGIDPMRJRNCKJF-MHGBRSHDSA-N,63.94286092,1.06179619E-25,10.5281/zenodo.5716758
(49Ti)(16O),[49Ti][16O],InChI=1S/O.Ti/i1+0;1+1,OGIDPMRJRNCKJF-LFSUVYIMSA-N,64.94278462,1.07840031E-25,10.5281/zenodo.5716760
(50Ti)(16O),[50Ti][16O],InChI=1S/O.Ti/i1+0;1+2,OGIDPMRJRNCKJF-WMSMEIEASA-N,65.93970582,1.09495458E-25,10.5281/zenodo.5716762
trans-(31P)2(1H)(2H),[2H]/[31P]=[31P]/[H],"InChI=1S/H2P2/c1-2/h1-2H/i1+0,2+0D",SWJAOBXRZSMKNS-ZWYMUBPDSA-N,64.96945007,1.07884310E-25,10.5281/zenodo.5716892
trans-(31P)2(1H)2,[H]/[31P]=[31P]/[H],"InChI=1S/H2P2/c1-2/h1-2H/i1+0,2+0",SWJAOBXRZSMKNS-ZCWHFVSRSA-N,63.96317332,1.06213348E-25,10.5281/zenodo.5716892
(51V)(16O),[51V][16O],InChI=1S/O.V/i2*1+0,IBYSTTGVDIFUAY-MHGBRSHDSA-N,66.93887412,1.11154616E-25,10.1093/mnras/stae542
(89Y)(16O),[89Y][16O],InChI=1S/O.Y/i2*1+0,APUGIHICMSAKGR-MHGBRSHDSA-N,104.9007629,1.74191815E-25,10.1093/mnras/stad3225
(89Y)(17O),[89Y][17O],InChI=1S/O.Y/i1+1;1+0,APUGIHICMSAKGR-DDBDWIKTSA-N,105.90498,1.75859357E-25,10.1093/mnras/stad3225
(89Y)(18O),[89Y][18O],InChI=1S/O.Y/i1+2;1+0,APUGIHICMSAKGR-OJTQQMQBSA-N,106.9050093,1.77519945E-25,10.1093/mnras/stad3225
(90Zr)(16O),[90Zr][16O],InChI=1S/O.Zr/i1+0;1-1,GEIAQOFPUVMAGM-QCIKTKHTSA-N,105.899619,1.75850455E-25,10.1093/mnras/stad2103
(91Zr)(16O),[91Zr][16O],InChI=1S/O.Zr/i2*1+0,GEIAQOFPUVMAGM-MHGBRSHDSA-N,106.9005604,1.77512557E-25,10.1093/mnras/stad2103
(92Zr)(16O),[92Zr][16O],InChI=1S/O.Zr/i1+0;1+1,GEIAQOFPUVMAGM-LFSUVYIMSA-N,107.8999554,1.79172092E-25,10.1093/mnras/stad2103
(93Zr)(16O),[93Zr][16O],InChI=1S/O.Zr/i1+0;1+2,GEIAQOFPUVMAGM-WMSMEIEASA-N,108.9013906,1.80835014E-25,10.1093/mnras/stad2103
(94Zr)(16O),[94Zr][16O],InChI=1S/O.Zr/i1+0;1+3,GEIAQOFPUVMAGM-ULBMIEEJSA-N,109.9012298,1.82495286E-25,10.1093/mnras/stad2103
(96Zr)(16O),[96Zr][16O],InChI=1S/O.Zr/i1+0;1+5,GEIAQOFPUVMAGM-WNVRODMJSA-N,111.903188,1.85819616E-25,10.1093/mnras/stad2103
